{
    "name": "root",
    "metadata": {
        "timer_format_version": "0.1.0",
        "start_time_seconds": "1614022387",
        "python_version": "3.7.9 (default, Aug 31 2020, 17:10:11) [MSC v.1916 64 bit (AMD64)]",
        "command_line_arguments": "D:\\anaconda3\\envs\\mlAgentsv3\\Scripts\\mlagents-learn Assets/results/TetrisSinglePlayer/configuration.yaml --run-id=TetrisSinglePlayer --resume",
        "mlagents_version": "0.23.0",
        "mlagents_envs_version": "0.23.0",
        "communication_protocol_version": "1.3.0",
        "pytorch_version": "1.6.0",
        "numpy_version": "1.19.2",
        "end_time_seconds": "1614022417"
    },
    "total": 30.077133000000003,
    "count": 1,
    "self": 0.005378300000003833,
    "children": {
        "run_training.setup": {
            "total": 0.2168679,
            "count": 1,
            "self": 0.2168679
        },
        "TrainerController.start_learning": {
            "total": 29.8548868,
            "count": 1,
            "self": 0.05954250000007377,
            "children": {
                "TrainerController._reset_env": {
                    "total": 12.1365862,
                    "count": 1,
                    "self": 12.1365862
                },
                "TrainerController.advance": {
                    "total": 16.80814389999993,
                    "count": 1034,
                    "self": 0.014247399999977262,
                    "children": {
                        "env_step": {
                            "total": 16.793896499999953,
                            "count": 1034,
                            "self": 15.247234199999928,
                            "children": {
                                "SubprocessEnvManager._take_step": {
                                    "total": 1.5284975000000216,
                                    "count": 1034,
                                    "self": 0.09048410000004914,
                                    "children": {
                                        "TFPolicy.evaluate": {
                                            "total": 1.4380133999999725,
                                            "count": 1034,
                                            "self": 1.4380133999999725
                                        }
                                    }
                                },
                                "workers": {
                                    "total": 0.018164800000002757,
                                    "count": 1033,
                                    "self": 0.0,
                                    "children": {
                                        "worker_root": {
                                            "total": 22.045034299999973,
                                            "count": 1033,
                                            "is_parallel": true,
                                            "self": 7.755318899999963,
                                            "children": {
                                                "steps_from_proto": {
                                                    "total": 0.2837018000000002,
                                                    "count": 1,
                                                    "is_parallel": true,
                                                    "self": 0.0014316000000000884,
                                                    "children": {
                                                        "_process_visual_observation": {
                                                            "total": 0.28227020000000014,
                                                            "count": 2,
                                                            "is_parallel": true,
                                                            "self": 4.96000000005381e-05,
                                                            "children": {
                                                                "observation_to_np_array": {
                                                                    "total": 0.2822205999999996,
                                                                    "count": 1,
                                                                    "is_parallel": true,
                                                                    "self": 5.089999999974282e-05,
                                                                    "children": {
                                                                        "process_pixels": {
                                                                            "total": 0.28216969999999986,
                                                                            "count": 1,
                                                                            "is_parallel": true,
                                                                            "self": 0.03498580000000029,
                                                                            "children": {
                                                                                "image_decompress": {
                                                                                    "total": 0.24718389999999957,
                                                                                    "count": 1,
                                                                                    "is_parallel": true,
                                                                                    "self": 0.24718389999999957
                                                                                }
                                                                            }
                                                                        }
                                                                    }
                                                                }
                                                            }
                                                        }
                                                    }
                                                },
                                                "UnityEnvironment.step": {
                                                    "total": 14.006013600000008,
                                                    "count": 1033,
                                                    "is_parallel": true,
                                                    "self": 0.11503549999990526,
                                                    "children": {
                                                        "UnityEnvironment._generate_step_input": {
                                                            "total": 0.18674679999999455,
                                                            "count": 1033,
                                                            "is_parallel": true,
                                                            "self": 0.18674679999999455
                                                        },
                                                        "communicator.exchange": {
                                                            "total": 11.664658700000045,
                                                            "count": 1033,
                                                            "is_parallel": true,
                                                            "self": 11.664658700000045
                                                        },
                                                        "steps_from_proto": {
                                                            "total": 2.0395726000000636,
                                                            "count": 1033,
                                                            "is_parallel": true,