{
    "name": "root",
    "gauges": {
        "MyBehavior.Policy.Entropy.mean": {
            "value": 1.1697927713394165,
            "min": 1.1697927713394165,
            "max": 1.7097142934799194,
            "count": 5
        },
        "MyBehavior.Policy.ExtrinsicValueEstimate.mean": {
            "value": -1.452939748764038,
            "min": -2.8820383548736572,
            "max": -1.139634609222412,
            "count": 5
        },
        "MyBehavior.Environment.EpisodeLength.mean": {
            "value": 12811.5,
            "min": 157.67524115755626,
            "max": 13363.75,
            "count": 5
        },
        "MyBehavior.Environment.CumulativeReward.mean": {
            "value": -101.8974991440773,
            "min": -101.8974991440773,
            "max": -82.7468169686112,
            "count": 5
        },
        "MyBehavior.Policy.ExtrinsicReward.mean": {
            "value": -101.8974991440773,
            "min": -101.8974991440773,
            "max": -82.7468169686112,
            "count": 5
        },
        "MyBehavior.Losses.PolicyLoss.mean": {
            "value": 0.025286821993067858,
            "min": 0.02464805310436835,
            "max": 0.02578221830384185,
            "count": 5
        },
        "MyBehavior.Losses.ValueLoss.mean": {
            "value": 0.7321255102753639,
            "min": 0.5797112853825093,
            "max": 111.11898674964904,
            "count": 5
        },
        "MyBehavior.Policy.LearningRate.mean": {
            "value": 0.00016437484520840002,
            "min": 0.00016437484520840002,
            "max": 0.00028461045512985,
            "count": 5
        },
        "MyBehavior.Policy.Epsilon.mean": {
            "value": 0.1547916,
            "min": 0.1547916,
            "max": 0.19487015,
            "count": 5
        },
        "MyBehavior.Policy.Beta.mean": {
            "value": 0.00274410084,
            "min": 0.00274410084,
            "max": 0.004744020485,
            "count": 5
        },
        "MyBehavior.IsTraining.mean": {
            "value": 1.0,
            "min": 1.0,
            "max": 1.0,
            "count": 5
        }
    },
    "metadata": {
        "timer_format_version": "0.1.0",
        "start_time_seconds": "1609244474",
        "python_version": "3.7.9 (default, Aug 31 2020, 17:10:11) [MSC v.1916 64 bit (AMD64)]",
        "command_line_arguments": "C:\\Users\\Matthew\\Anaconda3\\envs\\mlagents\\Scripts\\mlagents-learn tetrisoneplayer_config.yaml --run-id=TetrisSinglePlayer --force",
        "mlagents_version": "0.23.0",
        "mlagents_envs_version": "0.23.0",
        "communication_protocol_version": "1.3.0",
        "pytorch_version": "1.7.1",
        "numpy_version": "1.19.2",
        "end_time_seconds": "1609246368"
    },
    "total": 1893.651506,
    "count": 1,
    "self": 0.005013799999915136,
    "children": {
        "run_training.setup": {
            "total": 0.008032999999999957,
            "count": 1,
            "self": 0.008032999999999957
        },
        "TrainerController.start_learning": {
            "total": 1893.6384592,
            "count": 1,
            "self": 5.760953099980043,
            "children": {
                "TrainerController._reset_env": {
                    "total": 28.684157799999998,
                    "count": 1,
                    "self": 28.684157799999998
                },
                "TrainerController.advance": {
                    "total": 1859.0890472000196,
                    "count": 267067,
                    "self": 3.1018775000079586,
                    "children": {
                        "env_step": {
                            "total": 1855.9871697000117,
                            "count": 267067,
                            "self": 1136.5188665999408,
                            "children": {
                                "SubprocessEnvManager._take_step": {
                                    "total": 715.3809873000155,
                                    "count": 267067,
                                    "self": 12.892400900041821,
                                    "children": {
                                        "TorchPolicy.evaluate": {
                                            "total": 702.4885863999737,
                                            "count": 267067,
                                            "self": 264.62509189995,
                                            "children": {
                                                "TorchPolicy.sample_actions": {
                                                    "total": 437.86349450002365,
                                                    "count": 267067,
                                                    "self": 437.86349450002365
                                                }
                                            }
                                        }
                                    }
                                },
                                "workers": {
                                    "total": 4.087315800055485,
                                    "count": 267066,
                                    "self": 0.0,
                                    "children": {
                                        "worker_root": {
                                            "total": 1859.9354759000057,
                                            "count": 267066,
                                            "is_parallel": true,
                                            "self": 941.539683299982,
                                            "children": {
                                                "steps_from_proto": {
                                                    "total": 0.008596400000001836,
                                                    "count": 1,
                                                    "is_parallel": true,
                                                    "self": 0.0001733000000037066,
                                                    "children": {
                                                        "_process_visual_observation": {
                                                            "total": 0.00842309999999813,
                                                            "count": 2,
                                                            "is_parallel": true,
                                                            "self": 0.00010059999999612046,
                                                            "children": {
                                                                "observation_to_np_array": {
                                                                    "total": 0.008322500000002009,
                                                                    "count": 1,
                                                                    "is_parallel": true,
                                                                    "self": 2.4900000003214018e-05,
                                                                    "children": {
                                                                        "process_pixels": {
                                                                            "total": 0.008297599999998795,
                                                                            "count": 1,
                                                                            "is_parallel": true,
                                                                            "self": 0.00019550000000023715,
                                                                            "children": {
                                                                                "image_decompress": {
                                                                                    "total": 0.008102099999998558,